neighbourhood_code,neighbourhood_name,population,crime_rate_per_1000,log_crime_rate,tree_density_per_km2,light_density_per_km2,mean_dist_nightlife,mean_dist_mobility,mean_dist_retail,mean_dist_education,mean_dist_culture_sport,mean_dist_emergency_health
WK0363AA,Haarlemmerbuurt,9135,7.991242474001094,2.196251045163193,1040.7407407407406,1092.5925925925926,0.7833333333333333,2.1999999999999997,0.4666666666666666,0.6000000000000001,2.4,2.35
WK0363AB,Jordaan,19545,7.674597083653108,2.160398879065886,1274.7368421052631,1400.0,0.5666666666666667,2.6,0.6,0.6333333333333333,2.183333333333333,1.7833333333333332
WK0363AC,Grachtengordel-West,6585,13.971146545178435,2.7061247850229866,1396.4912280701756,1166.6666666666667,0.5666666666666668,2.4,0.5,0.7833333333333333,2.183333333333333,1.8666666666666665
WK0363AD,Burgwallen-Nieuwe Zijde,4335,104.26758938869665,4.656505578682114,613.6986301369864,1235.6164383561645,0.5666666666666667,2.3333333333333335,0.3666666666666667,1.15,2.216666666666667,1.8500000000000003
WK0363AE,Burgwallen-Oude Zijde,4565,56.73603504928806,4.055881502831033,1057.5,2152.5,0.6166666666666668,2.1999999999999997,0.3666666666666667,1.2833333333333332,1.95,1.7333333333333336
WK0363AF,Nieuwmarkt/Lastage,9910,15.943491422805247,2.829883773229481,1122.429906542056,1189.7196261682243,0.7999999999999999,2.4666666666666663,0.7000000000000001,1.25,1.8666666666666665,1.7666666666666666
WK0363AG,Grachtengordel-Zuid,5865,39.21568627450981,3.694257125348055,1285.9375,1090.625,0.4000000000000001,2.8333333333333335,0.5,0.9833333333333334,1.9333333333333336,1.5999999999999999
WK0363AH,De Weteringschans,7555,22.369291859695565,3.1514228468377405,1661.5384615384614,1401.5384615384614,0.46666666666666673,3.033333333333333,0.7333333333333334,0.7666666666666667,1.8500000000000003,1.5833333333333333
WK0363AJ,Weesperbuurt/Plantage,7835,9.317166560306317,2.3338091642455856,1534.782608695652,816.3043478260869,0.7333333333333334,2.766666666666667,0.9666666666666667,0.8166666666666668,1.5333333333333334,1.2
WK0363AK,Oostelijke Eilanden/Kadijken,14670,5.589638718473075,1.8854985243216238,1890.0,1011.5384615384615,1.05,2.6999999999999997,1.0,1.0833333333333333,2.0,1.6666666666666667
WK0363BB,Coenhaven/Minervahaven,975,33.84615384615385,3.550942768021497,42.27405247813411,194.46064139941691,2.316666666666667,3.3666666666666667,2.1,1.7166666666666668,4.133333333333333,3.783333333333333
WK0363EA,Sloterdijk-West,660,57.57575757575758,4.070320917741851,2072.727272727273,509.91735537190084,1.5666666666666667,1.6333333333333335,1.1333333333333335,1.2666666666666666,3.5333333333333328,2.1333333333333333
WK0363EB,Spaarndammerbuurt/Zeeheldenbuurt,10815,7.489597780859916,2.1388416235661207,3097.872340425532,822.6950354609929,1.0333333333333334,2.6,0.6,0.8833333333333334,2.65,2.716666666666667
WK0363EC,Houthavens,4660,3.648068669527897,1.53645179343529,864.1304347826086,490.2173913043478,1.2166666666666668,2.6333333333333333,0.9666666666666667,0.7999999999999999,2.9500000000000006,2.9500000000000006
WK0363ED,De Kolenkit,11770,3.9932030586236196,1.6080775993523737,2478.3783783783783,1229.7297297297298,1.4833333333333334,2.1333333333333333,0.6333333333333333,1.0166666666666666,2.8333333333333335,1.3
WK0363EE,Landlust,18640,5.418454935622318,1.8591774245043022,2352.293577981651,1531.1926605504586,1.1166666666666665,2.1999999999999997,0.5666666666666667,0.8666666666666666,2.816666666666667,1.5166666666666666
WK0363EF,Erasmuspark,5740,4.878048780487805,1.7712248667863473,3775.6097560975613,1478.048780487805,1.2333333333333334,2.1999999999999997,0.5,0.9500000000000001,2.5500000000000003,1.3
WK0363EG,Centrale Markt,2340,8.119658119658121,2.210432316503997,1556.1403508771932,714.0350877192983,0.8166666666666668,2.8333333333333335,0.9,0.6166666666666666,2.6166666666666667,1.8500000000000003
WK0363EH,Staatsliedenbuurt,12970,4.086353122590594,1.6265610949064269,2190.566037735849,1383.0188679245282,0.7000000000000001,2.6,0.5666666666666668,0.6,2.516666666666666,2.016666666666667
WK0363EJ,Frederik Hendrikbuurt,8200,5.7317073170731705,1.906828799012842,2050.0,1266.6666666666667,0.6333333333333333,2.766666666666667,0.6666666666666666,0.45,2.216666666666667,1.616666666666667
WK0363EK,Van Galenbuurt,7910,4.04551201011378,1.61849913728108,2810.344827586207,1358.6206896551726,1.0833333333333333,2.3333333333333335,0.6666666666666666,0.9333333333333332,2.4,1.2
WK0363EL,Geuzenbuurt,6625,5.283018867924529,1.8378505764283222,2020.689655172414,1386.2068965517242,0.8833333333333333,2.9,0.7333333333333334,0.5833333333333334,2.583333333333333,1.4166666666666667
WK0363EM,Hoofdweg e.o.,10150,5.714285714285714,1.9042374526547452,2059.5238095238096,1559.5238095238096,0.9333333333333332,2.5666666666666664,0.5666666666666668,1.0000000000000002,2.6833333333333336,1.3499999999999999
WK0363EN,Chassébuurt,6060,3.3003300330033003,1.458691771615476,1514.2857142857142,1175.0,0.7333333333333334,2.8666666666666667,0.5333333333333333,0.8166666666666665,2.6333333333333333,1.4833333333333332
WK0363EP,Bellamybuurt,6375,7.058823529411765,2.086767581771909,1600.0,1337.037037037037,0.5166666666666667,3.0,0.46666666666666673,0.85,2.4499999999999997,1.6333333333333335
WK0363EQ,Da Costabuurt,4740,8.016877637130802,2.1990981141840167,1888.4615384615383,1046.1538461538462,0.4666666666666666,2.8666666666666667,0.5666666666666668,0.65,2.1666666666666665,1.5
WK0363ER,Westindische Buurt,6685,4.338070306656694,1.674864221869124,1951.4285714285716,1360.0,1.0333333333333334,2.1666666666666665,0.6,0.9833333333333334,3.1166666666666667,1.6833333333333333
WK0363ES,Van Lennepbuurt,6890,6.095791001451379,1.959501791564987,1710.344827586207,1220.689655172414,0.5499999999999999,3.1,0.39999999999999997,0.75,2.516666666666666,1.8
WK0363ET,Overtoomse Sluis,7945,4.405286343612335,1.6873774272295088,1629.032258064516,1280.6451612903227,0.8166666666666668,2.466666666666667,0.5,0.9499999999999998,2.9499999999999997,2.1
WK0363EU,Helmersbuurt,7495,8.005336891260841,2.197817389506229,2128.571428571429,1277.142857142857,0.5499999999999999,2.966666666666667,0.5333333333333333,0.65,2.466666666666667,1.9166666666666667
WK0363EV,Vondelparkbuurt,1865,19.839142091152816,3.036833049586404,1027.2727272727273,1231.8181818181818,0.5333333333333333,3.033333333333333,0.6999999999999998,0.7666666666666666,2.3666666666666667,2.0000000000000004
WK0363FA,Sloterdijk Nieuw-West,1185,103.79746835443038,4.652029614671784,962.077922077922,388.31168831168833,2.1166666666666667,1.2333333333333334,1.6666666666666667,1.4166666666666667,4.266666666666667,2.733333333333334
WK0363FB,Geuzenveld,18960,4.008438818565401,1.611124253474537,2745.4308093994778,806.266318537859,2.6166666666666667,2.8666666666666667,1.0,1.1666666666666667,4.0,2.25
WK0363FC,Slotermeer-West,10705,5.2312003736571695,1.8295689905891233,2929.6703296703295,1625.2747252747251,2.066666666666667,2.466666666666667,0.6666666666666666,0.75,3.4499999999999997,1.7
WK0363FD,Slotermeer-Noordoost,9205,6.300923411189571,1.9880008348380704,3096.078431372549,1532.3529411764705,1.8499999999999999,2.3000000000000003,0.6,0.8333333333333334,3.3333333333333335,1.7000000000000002
WK0363FE,Slotermeer-Zuidoost,6755,8.586232420429312,2.2603279462633883,2333.684210526316,850.5263157894738,1.9000000000000004,2.6333333333333333,0.8000000000000002,0.55,3.033333333333333,1.4000000000000001
WK0363FF,Lutkemeer/Ookmeer,1250,12.8,2.624668592163159,853.427065026362,156.414762741652,3.483333333333334,3.966666666666667,1.8333333333333333,2.0166666666666666,4.533333333333333,3.25
WK0363FG,De Aker,14435,2.3553862140630413,1.21056687976345,2488.4146341463415,1376.829268292683,3.5,5.133333333333334,1.4333333333333333,1.1500000000000001,4.883333333333333,3.283333333333333
WK0363FH,De Punt,6330,6.3191153238546605,1.9904894632724721,2691.666666666667,1526.6666666666667,2.9333333333333336,5.033333333333334,0.7999999999999999,1.0833333333333333,4.316666666666666,3.0833333333333335
WK0363FJ,Osdorp-Midden,15480,4.780361757105943,1.7544662684603478,2717.8571428571427,1481.2499999999998,2.6999999999999997,4.6000000000000005,0.6666666666666666,0.75,3.983333333333333,2.4499999999999997
WK0363FK,Osdorp-Oost,17645,5.724001133465571,1.9056833841164875,2395.4802259887006,1416.9491525423728,2.4166666666666665,4.1,0.6666666666666666,0.8666666666666667,3.566666666666667,2.033333333333333
WK0363FL,Slotervaart-Noord,7805,4.740550928891736,1.7475551863687875,2405.806451612903,1046.4516129032259,1.6333333333333335,2.766666666666667,1.2,0.5333333333333333,3.35,1.4333333333333336
WK0363FM,Overtoomse Veld,14670,5.589638718473075,1.8854985243216238,3087.0129870129867,1094.155844155844,1.3499999999999999,2.2666666666666666,0.9666666666666667,0.5333333333333333,2.9499999999999997,1.0333333333333332
WK0363FN,Slotervaart-Zuid,11085,5.683355886332882,1.899620239592423,2315.267175572519,1259.5419847328244,1.9000000000000001,2.6666666666666665,1.0999999999999999,0.6999999999999998,4.033333333333333,1.4666666666666668
WK0363FP,Westlandgracht,13195,6.441834028040924,2.007117327611899,2334.0,928.6666666666666,1.5833333333333337,2.066666666666667,0.9,0.7333333333333333,3.9166666666666665,1.5166666666666666
WK0363FQ,Sloten/Nieuw-Sloten,14720,3.9402173913043477,1.5974093365684932,2072.7272727272725,623.9057239057239,2.8666666666666667,3.7000000000000006,1.3999999999999997,0.8333333333333334,4.566666666666666,2.1166666666666667
WK0363KA,Hoofddorppleinbuurt,11765,6.4598385040374,2.0095337657289836,2658.3333333333335,1081.25,1.3333333333333333,1.9666666666666668,0.5666666666666668,0.6833333333333332,3.5833333333333326,1.7166666666666666
WK0363KB,Schinkelbuurt,3930,4.071246819338422,1.6235867083435336,2742.857142857143,902.8571428571429,1.2333333333333334,2.033333333333333,0.5666666666666667,0.7166666666666667,3.1333333333333333,1.5666666666666664
WK0363KC,Willemspark,5560,6.654676258992805,2.035316736770898,5000.0,988.5714285714287,1.0666666666666667,2.1666666666666665,0.7000000000000001,0.5,2.766666666666666,1.7333333333333334
WK0363KD,Museumkwartier,12640,11.313291139240507,2.5106792593976417,3300.0000000000005,1115.1079136690648,0.6666666666666666,2.533333333333333,0.6333333333333334,0.55,2.0833333333333335,1.9000000000000001
WK0363KE,Oude Pijp,14865,9.081735620585267,2.3107254324030304,2335.2941176470586,926.470588235294,0.6166666666666667,2.8000000000000003,0.5666666666666667,0.7333333333333334,1.95,1.616666666666667
WK0363KF,Nieuwe Pijp,12570,5.966587112171838,1.941125450931977,2051.8518518518517,998.148148148148,0.6833333333333335,2.3000000000000003,0.5,0.44999999999999996,1.9166666666666667,1.5166666666666666
WK0363KG,Zuid Pijp,7920,4.040404040404041,1.6174862456169288,2697.4358974358975,1292.3076923076922,0.9166666666666666,2.4,0.7333333333333334,0.5333333333333333,1.8500000000000003,1.5666666666666664
WK0363KH,Stadionbuurt,11770,6.627017841971114,2.031696922496412,2728.971962616822,1114.018691588785,1.3,1.4666666666666668,0.6333333333333333,0.5666666666666668,3.016666666666667,1.4833333333333334
WK0363KJ,Apollobuurt,8825,7.138810198300283,2.0966440020459927,2732.9787234042556,1261.7021276595744,1.1166666666666667,1.6333333333333335,0.5,0.5499999999999999,2.4,1.8666666666666665
WK0363KK,Scheldebuurt,15000,5.266666666666667,1.8352445811677938,2830.6930693069307,1274.2574257425742,1.0666666666666667,1.7666666666666666,0.8666666666666667,0.65,2.0833333333333335,1.9833333333333334
WK0363KL,IJselbuurt,5225,5.358851674641148,1.8498478067484343,2434.4827586206898,1493.103448275862,1.0999999999999999,2.2666666666666666,0.9,0.75,2.033333333333333,1.6500000000000001
WK0363KM,Rijnbuurt,8985,4.451864218141347,1.6959576085610832,2520.9090909090905,837.2727272727273,1.2333333333333334,2.1333333333333333,1.0333333333333332,0.5,2.1833333333333336,1.9333333333333336
WK0363KN,Prinses Irenebuurt e.o.,1400,7.857142857142858,2.181224235989778,6402.325581395349,916.2790697674419,1.2666666666666668,1.0999999999999999,0.7333333333333333,0.5333333333333333,2.5833333333333335,1.7000000000000002
WK0363KP,Zuidas,5225,25.07177033492823,3.2608531326182875,1558.0645161290322,694.0092165898618,1.3166666666666667,1.1666666666666667,0.6333333333333334,0.7666666666666667,2.6999999999999997,1.8166666666666664
WK0363KQ,Buitenveldert-West,14040,4.487179487179487,1.702414368892205,3075.211267605634,772.9577464788733,1.6666666666666663,1.9666666666666668,0.6333333333333334,0.6333333333333333,3.1666666666666665,1.7333333333333334
WK0363KR,Buitenveldert-Oost,8305,5.057194461167971,1.8012467326787558,6640.0,1058.8235294117646,1.7333333333333334,1.6333333333333335,0.6,0.5666666666666668,2.716666666666667,2.3000000000000003
WK0363MA,Oostelijk Havengebied,20575,4.034021871202916,1.616219241400332,665.8402203856749,640.771349862259,1.45,3.0999999999999996,0.9666666666666667,0.8500000000000001,2.6,2.45
WK0363MB,Weesperzijde,5895,9.32994062765055,2.3350465355497394,2115.5555555555557,1206.6666666666667,0.7999999999999999,2.6,0.8666666666666667,0.6166666666666668,1.6333333333333335,1.0833333333333335
WK0363MC,Oosterparkbuurt,10690,9.354536950420954,2.337424776360579,3100.0,1452.0,0.6666666666666666,2.6999999999999997,0.6999999999999998,0.4666666666666666,1.383333333333333,0.7000000000000001
WK0363MD,Transvaalbuurt,8875,4.619718309859155,1.726281539848548,2931.578947368421,1597.3684210526314,0.7166666666666667,2.6333333333333333,0.5,0.5666666666666668,1.4666666666666666,0.9333333333333332
WK0363ME,Dapperbuurt,10000,11.4,2.517696472610991,2486.8852459016393,1568.8524590163934,0.6333333333333333,2.433333333333333,0.5333333333333333,0.4833333333333334,1.1500000000000001,0.9166666666666666
WK0363MF,Indische Buurt-West,12270,4.400977995110024,1.6865800473773154,2125.0,1862.5,0.8999999999999999,2.5666666666666664,0.7000000000000001,0.6,1.4833333333333334,1.2666666666666666
WK0363MG,Indische Buurt-Oost,9815,4.99235863474274,1.7904850966839803,2475.193798449612,806.2015503875969,1.1333333333333333,2.6999999999999997,0.8333333333333334,0.5499999999999999,1.7666666666666668,1.6499999999999997
WK0363MH,Zeeburgereiland/Bovendiep,5675,5.286343612334802,1.8383795999954338,885.0144092219019,301.72910662824205,2.5833333333333335,3.1666666666666665,1.8,1.6833333333333333,4.133333333333333,3.5500000000000003
WK0363MJ,IJburg-West,16310,2.452483139178418,1.2390937226336047,1737.3015873015872,1268.2539682539682,3.3666666666666667,4.866666666666666,0.6333333333333334,0.9166666666666666,5.433333333333334,4.7
WK0363MK,IJburg-Oost,620,4.838709677419355,1.7645098267806796,185.0,790.0,4.35,5.366666666666667,1.3,0.85,5.366666666666666,5.466666666666666
WK0363ML,IJburg-Zuid,8210,2.5578562728380025,1.2691581929353128,2220.5479452054797,1068.4931506849316,4.066666666666666,5.633333333333333,0.9333333333333332,0.46666666666666673,5.566666666666666,5.3
WK0363MM,Frankendael,12570,7.637231503579953,2.1560821036416047,4086.8263473053894,1359.8802395209582,1.1500000000000001,2.6,0.8333333333333334,0.7000000000000001,1.9000000000000001,1.5166666666666666
WK0363MN,Middenmeer,15700,5.477707006369426,1.8683665907002518,2603.6423841059604,647.0198675496689,1.2666666666666668,2.533333333333333,0.6333333333333333,0.75,1.6166666666666665,1.8500000000000003
WK0363MP,Betondorp,3085,3.8897893030794166,1.5871492152536733,4939.823008849558,770.7964601769912,1.8,2.2333333333333334,1.0,1.3,1.8333333333333333,2.15
WK0363MQ,Omval/Overamstel,5555,9.000900090009,2.3026750979443786,905.9375,382.5,1.7999999999999998,2.1,1.8666666666666665,1.4166666666666667,3.033333333333333,2.6
WK0363NA,Oostzanerwerf,8870,4.622322435174746,1.726744823236543,1997.2891566265062,534.3373493975904,2.4666666666666663,4.833333333333333,1.3,1.3833333333333335,5.2666666666666675,2.6833333333333336
WK0363NB,Noordelijke IJ-oevers-West,9415,9.134360063728094,2.3159316366897618,681.2345679012346,465.67901234567904,1.0166666666666666,5.133333333333334,1.0999999999999999,1.0666666666666667,3.4166666666666665,1.933333333333333
WK0363NC,Tuindorp Oostzaan,12045,3.2378580323785804,1.4440579605541441,2424.1176470588234,1342.3529411764707,2.05,5.333333333333333,0.9333333333333332,1.3166666666666667,4.366666666666667,2.283333333333333
WK0363ND,Kadoelen,3565,3.927068723702665,1.5947442318515312,1120.6666666666667,520.6666666666666,2.033333333333333,5.366666666666667,1.2666666666666666,1.4166666666666667,4.866666666666667,2.216666666666667
WK0363NE,Banne Buiksloot,14805,3.9851401553529215,1.6064615184354054,3375.4098360655735,1286.8852459016393,1.4333333333333333,4.966666666666667,1.4333333333333333,0.7833333333333333,3.733333333333333,1.216666666666667
WK0363NF,Nieuwendammerdijk/Buiksloterdijk,1705,2.346041055718475,1.2077778725785588,1690.6976744186047,630.232558139535,1.2833333333333334,4.466666666666666,1.2,0.8833333333333334,3.6,2.3000000000000003
WK0363NG,Elzenhagen,5260,5.7034220532319395,1.9026181502201058,3538.3720930232557,1167.4418604651164,1.4333333333333333,4.3,1.3,0.5333333333333333,3.65,1.5999999999999999
WK0363NH,Buikslotermeer,11785,7.976240984302078,2.194581196047186,3283.8709677419356,1330.967741935484,1.1166666666666667,4.6000000000000005,0.7333333333333334,0.7166666666666668,3.883333333333333,1.55
WK0363NJ,Waterlandpleinbuurt,13940,3.658536585365854,1.538701361342322,3568.2119205298013,1248.3443708609273,1.6666666666666667,5.0,0.9333333333333332,0.8166666666666668,4.216666666666667,1.9666666666666668
WK0363NK,Volewijck,9365,7.474639615589963,2.137078129128153,3287.022900763359,1297.709923664122,0.7999999999999999,4.566666666666666,1.1666666666666667,0.6000000000000001,2.9000000000000004,1.8166666666666664
WK0363NL,IJplein/Vogelbuurt,7945,5.538074260541221,1.8776426665338157,3864.8275862068967,1004.1379310344828,0.7666666666666667,4.533333333333333,1.0333333333333334,0.5333333333333333,3.15,2.4
WK0363NM,Tuindorp Buiksloot,1910,3.141361256544503,1.4210245397210242,2517.6470588235293,1894.1176470588234,1.0166666666666666,4.3,0.9333333333333332,0.5166666666666667,3.483333333333333,2.0
WK0363NN,Tuindorp Nieuwendam,3465,3.1746031746031744,1.4290193057862317,2997.872340425532,1563.8297872340427,1.4166666666666667,4.666666666666667,0.9333333333333332,0.9,3.816666666666667,1.9833333333333332
WK0363NP,Noordelijke IJ-oevers-Oost,400,35.0,3.58351893845611,413.5135135135135,218.9189189189189,0.6666666666666666,4.3999999999999995,1.0,0.6,3.1833333333333336,2.5
WK0363NQ,Waterland,2410,5.809128630705394,1.918264157599436,142.46575342465755,36.22927180966114,3.8000000000000003,5.933333333333334,3.4666666666666663,2.983333333333333,6.266666666666666,4.766666666666667
WK0363SA,Driemond,1690,2.366863905325444,1.2139817192032574,621.0762331838565,170.85201793721973,4.2,2.6333333333333333,2.9,1.7,4.2,4.05
WK0363SB,Bloemendalerpolder,4150,1.4457831325301205,0.8943653712451893,479.7402597402597,240.25974025974025,5.283333333333334,1.9333333333333333,2.1666666666666665,1.6500000000000001,5.533333333333334,4.8500000000000005
WK0363SC,Weesp-Noordwest,7930,3.530895334174023,1.5109195654786707,1301.025641025641,602.0512820512821,4.183333333333334,1.3,0.8333333333333334,0.5833333333333334,4.416666666666667,3.983333333333333
WK0363SD,Weesp Binnenstad/Zuid,5615,3.918076580587711,1.5929175151627442,1399.2907801418442,581.5602836879433,3.983333333333334,1.0666666666666667,0.6666666666666666,0.7666666666666666,3.9333333333333336,3.6833333333333336
WK0363SE,Aetsveld/Oostelijke Vechtoever,4385,2.508551881413911,1.2552033829498588,165.27122641509433,50.471698113207545,4.466666666666667,1.8333333333333333,1.5,1.4666666666666668,4.616666666666667,4.3
WK0363TA,Amstel III/Bullewijk,3545,39.21015514809591,3.6941195793472974,684.2504743833017,404.1745730550285,2.4166666666666665,2.1666666666666665,1.4333333333333333,1.8,4.266666666666667,1.2666666666666666
WK0363TB,Venserpolder,8515,4.110393423370522,1.6312763921268254,2815.8536585365855,1121.9512195121952,2.0833333333333335,1.4666666666666668,1.0666666666666667,0.75,2.9333333333333336,2.9166666666666665
WK0363TC,Amsterdamse Poort e.o.,8260,16.46489104116223,2.86019263954264,2545.3947368421054,1120.3947368421052,1.9333333333333336,1.8,0.7333333333333334,0.7666666666666666,2.65,2.4499999999999997
WK0363TD,H-buurt,7590,5.138339920948616,1.8145543344211668,3077.7777777777774,1254.320987654321,2.2333333333333334,1.9666666666666668,1.0333333333333332,1.3499999999999999,3.033333333333333,1.9666666666666668
WK0363TE,Ganzenhoef e.o.,7715,6.740116655865198,2.046416759305266,3034.9397590361446,1627.710843373494,2.3166666666666664,2.3666666666666667,1.0999999999999999,0.7666666666666666,2.866666666666667,3.033333333333333
WK0363TF,Geerdinkhof/Kantershof,7160,2.6536312849162007,1.2957215456164435,3833.918128654971,855.5555555555555,2.733333333333333,3.033333333333333,1.6333333333333335,1.0833333333333333,3.733333333333333,3.25
WK0363TG,Bijlmermuseum,7785,5.908798972382788,1.9327958125980071,4262.068965517242,1513.793103448276,2.35,2.7999999999999994,1.0333333333333332,0.9666666666666668,3.566666666666667,2.5666666666666664
WK0363TH,K-buurt,7440,3.897849462365591,1.588796223546757,3123.9583333333335,1362.5,2.5999999999999996,2.7999999999999994,1.3666666666666665,1.1666666666666667,3.716666666666667,2.5166666666666666
WK0363TJ,Holendrecht,9500,4.2105263157894735,1.6506808709681495,3895.6834532374105,1370.5035971223022,2.8666666666666667,2.433333333333333,1.4333333333333333,1.1833333333333333,4.199999999999999,1.4000000000000001
WK0363TK,Nellestein,3115,5.778491171749599,1.9137545361464905,1009.8540145985401,386.49635036496346,2.9666666666666663,2.766666666666667,2.0,1.3333333333333333,3.9500000000000006,2.25
WK0363TL,Reigersbos,8540,4.332552693208431,1.673830052835115,2193.2330827067667,1310.5263157894735,3.35,3.4,1.7333333333333334,1.1833333333333333,4.6000000000000005,1.9666666666666668
WK0363TM,Gein,11220,2.941176470588235,1.37147927533475,2026.5625,1146.3541666666667,3.766666666666667,3.8666666666666667,2.0666666666666664,1.3999999999999997,4.716666666666667,2.4166666666666665
